riik,aasta,vola_skp_suhe,skp_kasv,valikuline,exceli_viga
Australia,1946,190.4190801,-3.557951482,1,1
Australia,1947,177.3213714,2.459474567,1,1
Australia,1948,148.9298105,6.437534097,1,1
Australia,1949,125.8286986,6.611993849,1,1
Australia,1950,109.809398,6.920201242,1,1
Australia,1951,87.09447923,4.272611548,0,1
Australia,1952,86.06643818,0.9046516,0,1
Australia,1953,79.86502211,3.119280285,0,1
Australia,1954,76.84670289,6.216813827,0,1
Australia,1955,74.98050195,5.462089671,0,1
Australia,1956,71.81826577,3.441608143,0,1
Australia,1957,67.72376347,2.003011657,0,1
Australia,1958,66.04975124,4.802932156,0,1
Australia,1959,62.38845144,6.156573691,0,1
Australia,1960,48.33638026,4.191212638,0,1
Australia,1961,49.37811383,0.689465884,0,1
Australia,1962,50.33076075,6.248841495,0,1
Australia,1963,47.58753095,6.125569558,0,1
Australia,1964,45.01152605,6.841499618,0,1
Australia,1965,43.73903743,5.107341974,0,1
Australia,1966,42.48123303,2.783063954,0,1
Australia,1967,40.53448089,6.751673467,0,1
Australia,1968,39.49426659,5.878890615,0,1
Australia,1969,36.80077642,6.081697094,0,1
Australia,1970,34.96359063,6.359787029,0,1
Australia,1971,32.28987172,4.44882407,0,1
Australia,1972,30.72174427,2.80580155,0,1
Australia,1973,27.3614668,5.421130233,0,1
Australia,1974,22.3663944,2.479194958,0,1
Australia,1975,23.63684736,2.707462653,0,1
Australia,1976,22.98234909,4.031053058,0,1
Australia,1977,23.63891032,1.046756909,0,1
Australia,1978,24.73289175,2.901082071,0,1
Australia,1979,20.87219511,5.265974799,0,1
Australia,1980,19.12408759,1.998402053,0,1
Australia,1981,16.17684498,4.155751638,0,1
Australia,1982,15.04361512,-0.009740007,0,1
Australia,1983,17.57969558,-0.526011598,0,1
Australia,1984,20.06292396,6.414499812,0,1
Australia,1985,21.424017,5.716196264,0,1
Australia,1986,21.49170771,2.110579592,0,1
Australia,1987,19.99391235,4.396280959,0,1
Australia,1988,16.29359341,4.030412731,0,1
Australia,1989,12.49832977,4.574949066,0,1
Australia,1990,10.33120139,1.604439522,0,1
Australia,1991,9.308321393,-1.250116968,0,1
Australia,1992,10.86571692,2.112287375,0,1
Australia,1993,13.81496243,3.897211812,0,1
Australia,1994,15.91847488,5.01353867,0,1
Australia,1995,18.38345587,3.488831888,0,1
Australia,1996,17.77532337,4.281607041,0,1
Australia,1997,17.41232457,3.99699686,0,1
Australia,1998,14.5861377,5.051379311,0,1
Australia,1999,13.21604926,4.401723734,0,1
Australia,2000,11.10601787,3.426129648,0,1
Australia,2001,9.239782597,2.089340216,0,1
Australia,2002,8.227777925,4.247348493,0,1
Australia,2003,7.031335039,2.965939765,0,1
Australia,2004,6.271350951,3.842278649,0,1
Australia,2005,5.892013343,2.759194655,0,1
Australia,2006,5.392566363,2.840372034,0,1
Australia,2007,4.905430103,4.048780298,0,1
Australia,2008,4.677887066,2.354223964,0,1
Australia,2009,8.418269842,0.732249739,0,1
Austria,1946,NA,16.8,0,1
Austria,1947,NA,10.2739726,0,1
Austria,1948,35.20228329,27.32919255,0,1
Austria,1949,26.44814137,18.90243902,0,1
Austria,1950,22.14439821,12.40896184,0,1
Austria,1951,15.26433121,6.839934635,0,1
Austria,1952,13.58040122,0.087399854,0,1
Austria,1953,16.5658059,4.351622762,0,1
Austria,1954,14.26809984,10.21966527,0,1
Austria,1955,11.89473193,11.05311442,0,1
Austria,1956,10.92381911,6.879361914,0,1
Austria,1957,8.304269074,6.124733475,0,1
Austria,1958,11.59275807,3.651614848,0,1
Austria,1959,13.51990432,2.842120566,0,1
Austria,1960,13.56851023,8.231829426,0,1
Austria,1961,12.3920536,5.309214393,0,1
Austria,1962,11.96626965,2.42258878,0,1
Austria,1963,12.08861706,4.070635721,0,1
Austria,1964,12.04366042,6.00190044,0,1
Austria,1965,11.47139959,2.875855256,0,1
Austria,1966,10.9782892,5.628267596,0,1
Austria,1967,12.10706908,3.040455227,0,1
Austria,1968,12.98429149,4.444081366,0,1
Austria,1969,13.0161194,6.288619476,0,1
Austria,1970,10.58343807,7.123408639,0,1
Austria,1971,9.27693842,5.112317098,0,1
Austria,1972,8.938241059,6.208663373,0,1
Austria,1973,9.186193394,4.887023727,0,1
Austria,1974,8.875890683,3.943585953,0,1
Austria,1975,12.79935241,-0.36235156,0,1
Austria,1976,15.18105914,4.57702199,0,1
Austria,1977,16.42551421,4.676785076,0,1
Austria,1978,18.85604772,-0.363263785,0,1
Austria,1979,23.58817801,5.455319768,0,1
Austria,1980,25.20114714,2.314,0,1
Austria,1981,26.76228486,-0.099,0,1
Austria,1982,28.84231073,1.908,0,1
Austria,1983,32.9775287,2.804,0,1
Austria,1984,35.45827491,0.332,0,1
Austria,1985,37.64091447,2.243,0,1
Austria,1986,42.02784419,2.341,0,1
Austria,1987,45.7718945,1.681,0,1
Austria,1988,45.75989611,0.961,0,1
Austria,1989,45.84739348,3.742,0,1
Austria,1990,45.96918062,4.171,0,1
Austria,1991,46.65087656,3.338,0,1
Austria,1992,46.74949905,1.888,0,1
Austria,1993,50.59122895,0.374,0,1
Austria,1994,53.3303395,2.213,0,1
Austria,1995,55.86983787,2.539,0,1
Austria,1996,56.34915348,2.23,0,1
Austria,1997,58.4586876,2.126,0,1
Austria,1998,58.47650785,3.595,0,1
Austria,1999,59.58914834,3.34,0,1
Austria,2000,58.1634374,3.651,0,1
Austria,2001,57.13579829,0.52,0,1
Austria,2002,56.63885436,1.647,0,1
Austria,2003,56.8190164,0.801,0,1
Austria,2004,58.23087696,2.545,0,1
Austria,2005,58.02040356,2.46,0,1
Austria,2006,56.70825493,3.46,0,1
Austria,2007,54.42606968,3.547,0,1
Austria,2008,57.46342259,2.048,0,1
Austria,2009,62.16735686,-3.824,0,1
Belgium,1946,118.2628018,NA,0,1
Belgium,1947,98.64205967,15.21630211,0,1
Belgium,1948,74.24051082,11.44055423,0,1
Belgium,1949,78.25406849,-1.306628915,0,1
Belgium,1950,73.68287824,5.641317121,0,1
Belgium,1951,64.47166902,7.033062605,0,1
Belgium,1952,66.25386354,-0.429523563,0,1
Belgium,1953,68.4600946,2.931077498,0,1
Belgium,1954,69.86141381,-1.26872535,0,1
Belgium,1955,68.62433491,5.149511819,0,1
Belgium,1956,65.88997673,2.432159831,0,1
Belgium,1957,62.83830731,3.046136877,0,1
Belgium,1958,67.16859502,-1.494603444,0,1
Belgium,1959,70.2802146,2.587422353,0,1
Belgium,1960,69.6691916,6.428162075,0,1
Belgium,1961,67.97523104,4.963586721,0,1
Belgium,1962,65.6615735,4.600962137,0,1
Belgium,1963,63.85010426,6.184625266,0,1
Belgium,1964,59.36872261,7.15104366,0,1
Belgium,1965,57.69870473,3.442474064,0,1
Belgium,1966,55.3326049,3.758673464,0,1
Belgium,1967,54.0767715,3.345110739,0,1
Belgium,1968,54.79402062,5.203991015,0,1
Belgium,1969,52.21786407,7.529120714,0,1
Belgium,1970,48.32789224,5.091177652,0,1
Belgium,1971,45.4831628,4.909758367,0,1
Belgium,1972,44.80980543,6.327547543,0,1
Belgium,1973,42.17087788,7.402097604,0,1
Belgium,1974,38.68266581,3.128692661,0,1
Belgium,1975,39.63380317,-2.896702453,0,1
Belgium,1976,39.38423108,5.715062512,0,1
Belgium,1977,42.20903936,1.116626647,0,1
Belgium,1978,45.53430374,3.082359562,0,1
Belgium,1979,49.23308336,2.943252762,0,1
Belgium,1980,55.24514549,4.007840928,0,1
Belgium,1981,65.40150565,0.146065957,0,1
Belgium,1982,76.44671472,0.580710682,0,1
Belgium,1983,86.8510871,0.397437068,0,1
Belgium,1984,92.5559855,2.101822578,0,1
Belgium,1985,100.1315043,1.847408075,0,1
Belgium,1986,105.440986,1.853509476,0,1
Belgium,1987,109.7642996,2.373340202,0,1
Belgium,1988,111.2972542,4.565592777,0,1
Belgium,1989,109.3490071,3.617936813,0,1
Belgium,1990,109.8298225,3.089995082,0,1
Belgium,1991,112.5197644,1.800369261,0,1
Belgium,1992,114.8151253,1.331603565,0,1
Belgium,1993,121.6922228,-0.692377849,0,1
Belgium,1994,118.7448691,3.291567138,0,1
Belgium,1995,117.0272319,4.27742528,0,1
Belgium,1996,112.840124,0.890287302,0,1
Belgium,1997,109.8904626,3.687244823,0,1
Belgium,1998,105.3419324,1.730036277,0,1
Belgium,1999,103.6402507,3.379788975,0,1
Belgium,2000,99.72473129,3.795801041,0,1
Belgium,2001,99.33215653,0.765261409,0,1
Belgium,2002,98.18651301,1.494894676,0,1
Belgium,2003,95.73448158,1.013224013,0,1
Belgium,2004,93.34980398,2.782509552,0,1
Belgium,2005,91.84125306,2.170367582,0,1
Belgium,2006,87.38939094,3.015135457,0,1
Belgium,2007,85.34138345,2.598783575,0,1
Belgium,2008,90.37305817,0.969158147,0,1
Belgium,2009,96.6109967,-3.182360458,0,1
Canada,1946,135.9134068,-1.026045777,1,1
Canada,1947,117.0304233,4.425837321,1,1
Canada,1948,105.182647,1.832760596,1,1
Canada,1949,124.0169876,2.174728159,1,1
Canada,1950,110.9666291,7.37591977,1,1
Canada,1951,89.09139355,5.673231275,0,1
Canada,1952,81.12579587,7.276769174,0,1
Canada,1953,82.60124685,4.672929474,0,1
Canada,1954,77.01214966,-0.691259445,0,1
Canada,1955,72.33297636,9.338815516,0,1
Canada,1956,68.08681087,8.089916662,0,1
Canada,1957,61.41274617,2.895657919,0,1
Canada,1958,61.73177663,1.788909988,0,1
Canada,1959,63.66044318,4.053791076,0,1
Canada,1960,61.70669732,3.107144239,0,1
Canada,1961,53.16346031,2.950963222,0,1
Canada,1962,53.84797257,7.006160464,0,1
Canada,1963,53.6431528,5.059331176,0,1
Canada,1964,52.07613144,6.515853243,0,1
Canada,1965,48.07265172,6.648976651,0,1
Canada,1966,50.83105793,6.483732392,0,1
Canada,1967,49.98994975,3.044694235,0,1
Canada,1968,50.20862745,5.227035253,0,1
Canada,1969,49.49004581,5.271463476,0,1
Canada,1970,44.84394757,2.58359198,0,1
Canada,1971,44.8123001,5.568909339,0,1
Canada,1972,44.4708656,5.283815334,0,1
Canada,1973,41.31441548,7.161344803,0,1
Canada,1974,37.81469205,4.084875199,0,1
Canada,1975,37.07078587,2.259269746,0,1
Canada,1976,36.27693912,5.476887702,0,1
Canada,1977,36.40905958,3.360658778,0,1
Canada,1978,34.14032542,4.043948157,0,1
Canada,1979,37.76375668,4.156871693,0,1
Canada,1980,35.14830091,1.338135984,0,1
Canada,1981,35.38122147,1.547505313,0,1
Canada,1982,36.20000752,0.12499352,0,1
Canada,1983,39.03061052,3.866893714,0,1
Canada,1984,41.9736251,5.894103681,0,1
Canada,1985,45.3476627,5.354029514,0,1
Canada,1986,49.7531061,4.037552315,0,1
Canada,1987,51.09870968,1.78001352,0,1
Canada,1988,53.65871613,-0.172848825,0,1
Canada,1989,54.61466488,0.997558549,0,1
Canada,1990,55.22324612,1.927514003,0,1
Canada,1991,57.30843454,3.104628961,0,1
Canada,1992,59.71348804,3.523104981,0,1
Canada,1993,61.35737096,2.786637079,0,1
Canada,1994,63.45018127,5.051384342,0,1
Canada,1995,63.16023221,4.186349074,0,1
Canada,1996,61.4661323,5.099766336,0,1
Canada,1997,58.17866652,5.392640347,0,1
Canada,1998,56.62466239,2.682783491,0,1
Canada,1999,52.27130914,2.02577059,0,1
Canada,2000,43.76144312,3.253567995,0,1
Canada,2001,41.96136353,1.990154136,0,1
Canada,2002,41.80133263,1.50205563,0,1
Canada,2003,39.50471506,1.013524034,0,1
Canada,2004,36.07662475,3.864126364,0,1
Canada,2005,32.18433279,2.739207443,0,1
Canada,2006,28.69557366,2.280888542,0,1
Canada,2007,27.17325909,3.134091786,0,1
Canada,2008,23.32477868,2.132130298,0,1
Canada,2009,30.23719085,-1.906676092,0,1
Denmark,1946,NA,15.60364465,0,1
Denmark,1947,NA,5.615763547,0,1
Denmark,1948,NA,2.705223881,0,1
Denmark,1949,NA,6.902815622,0,1
Denmark,1950,46.33902077,7.945854528,0,1
Denmark,1951,41.08527467,0.667700816,0,1
Denmark,1952,38.725077,0.978158917,0,1
Denmark,1953,36.13877119,5.689357749,0,1
Denmark,1954,29.39541599,1.942936062,0,1
Denmark,1955,29.84094053,1.077652565,0,1
Denmark,1956,28.60745579,1.209333496,0,1
Denmark,1957,27.08548829,7.587659895,0,1
Denmark,1958,26.14735003,2.252000224,0,1
Denmark,1959,23.11994538,7.43892096,0,1
Denmark,1960,19.92595498,2.793481029,0,1
Denmark,1961,16.40433181,6.339336587,0,1
Denmark,1962,15.08163543,5.518799795,0,1
Denmark,1963,13.47407981,0.627000773,0,1
Denmark,1964,10.75440378,9.355185502,0,1
Denmark,1965,7.866571019,4.562325703,0,1
Denmark,1966,6.096216011,2.728476313,0,1
Denmark,1967,5.819734389,3.362035152,0,1
Denmark,1968,5.292999814,4.109217731,0,1
Denmark,1969,4.752414255,6.370090084,0,1
Denmark,1970,4.806661045,2.025031412,0,1
Denmark,1971,5.017226847,2.666176188,0,1
Denmark,1972,5.284471714,5.276440623,0,1
Denmark,1973,4.961971317,3.631359318,0,1
Denmark,1974,4.560844653,-0.932430889,0,1
Denmark,1975,4.337880124,-0.660142118,0,1
Denmark,1976,NA,6.472628081,0,1
Denmark,1977,NA,1.623013818,0,1
Denmark,1978,NA,1.47640567,0,1
Denmark,1979,NA,3.544149906,0,1
Denmark,1980,34.973,-0.441574353,0,1
Denmark,1981,45.433,-0.88690382,0,1
Denmark,1982,58.548,3.713982744,0,1
Denmark,1983,70.274,2.651857243,0,1
Denmark,1984,72.979,4.165577099,0,1
Denmark,1985,70.83,4.024434465,0,1
Denmark,1986,67.731,4.949240893,0,1
Denmark,1987,64.852,0.289936831,0,1
Denmark,1988,62.68,-0.14266411,0,1
Denmark,1989,61.198,0.572900403,0,1
Denmark,1990,62.52319639,1.607443635,0,1
Denmark,1991,63.44047038,1.300402843,0,1
Denmark,1992,67.95757753,1.97544568,0,1
Denmark,1993,79.81934813,-0.089613444,0,1
Denmark,1994,76.80063873,5.525410347,0,1
Denmark,1995,75.52425604,3.065223331,0,1
Denmark,1996,73.73607981,2.834566372,0,1
Denmark,1997,69.05404925,3.198507847,0,1
Denmark,1998,63.99855623,2.16039085,0,1
Denmark,1999,60.8667705,2.560441535,0,1
Denmark,2000,54.96305914,3.528715216,0,1
Denmark,2001,52.02117385,0.704888235,0,1
Denmark,2002,51.61938896,0.465817656,0,1
Denmark,2003,49.61126302,0.38375899,0,1
Denmark,2004,46.95876359,2.296490813,0,1
Denmark,2005,39.29176967,2.445180194,0,1
Denmark,2006,32.80309217,3.343956097,0,1
Denmark,2007,27.88582194,1.646543032,0,1
Denmark,2008,32.43311331,-1.201822053,0,1
Denmark,2009,37.72150084,-2.433022955,0,1
Finland,1946,70.62189111,8.132123969,0,0
Finland,1947,52.54802151,2.324527893,0,0
Finland,1948,39.01014471,7.928713805,0,0
Finland,1949,26.64283567,6.066838711,0,0
Finland,1950,25.47526721,3.844582097,0,0
Finland,1951,19.16777822,8.503900065,0,0
Finland,1952,13.12334098,3.351170207,0,0
Finland,1953,18.31029965,0.700800167,0,0
Finland,1954,18.94620115,8.756167229,0,0
Finland,1955,17.04048955,5.095267657,0,0
Finland,1956,16.59147621,3.021628499,0,0
Finland,1957,16.8892078,4.701627486,0,0
Finland,1958,16.06436205,0.539197102,0,0
Finland,1959,15.05046561,5.941257804,0,0
Finland,1960,12.7940491,9.147716037,0,0
Finland,1961,10.12856884,7.6201174,0,0
Finland,1962,11.51648849,3.117740143,0,0
Finland,1963,13.44113709,3.294478728,0,0
Finland,1964,13.6303825,5.054368441,0,0
Finland,1965,14.2290858,5.316684218,0,0
Finland,1966,15.18371132,2.402719845,0,0
Finland,1967,15.82952272,2.111988394,0,0
Finland,1968,15.68781407,2.300546448,0,0
Finland,1969,12.0849716,9.630895785,0,0
Finland,1970,10.22445104,7.469304229,0,0
Finland,1971,8.890125793,2.090039443,0,0
Finland,1972,7.341167479,7.63167244,0,0
Finland,1973,4.943651154,6.706826481,0,0
Finland,1974,3.279109589,3.029541412,0,0
Finland,1975,3.682552732,1.152164531,0,0
Finland,1976,4.260871415,-0.424821445,0,0
Finland,1977,5.685249427,0.245919964,0,0
Finland,1978,8.352701474,2.092625632,0,0
Finland,1979,8.975944819,6.957439837,0,0
Finland,1980,9.211497632,5.333923344,0,0
Finland,1981,10.00859495,1.269388262,0,0
Finland,1982,12.20696505,3.024028035,0,0
Finland,1983,13.78627659,2.947158098,0,0
Finland,1984,14.3038239,3.044166407,0,0
Finland,1985,13.94560332,3.280489719,0,0
Finland,1986,14.45405091,2.62592271,0,0
Finland,1987,14.98028025,3.558319847,0,0
Finland,1988,13.09884932,5.100967284,0,0
Finland,1989,10.70891862,5.415123862,0,0
Finland,1990,10.31902581,0.082051093,0,0
Finland,1991,16.90087217,-6.24366698,0,0
Finland,1992,33.95891105,-3.735507958,0,0
Finland,1993,51.79158815,-0.920614832,0,0
Finland,1994,58.84858748,3.573488813,0,0
Finland,1995,62.68348847,3.923616291,0,0
Finland,1996,66.61464114,3.699875586,0,0
Finland,1997,64.85645548,6.199933552,0,0
Finland,1998,59.62430919,5.225333264,0,0
Finland,1999,55.46887468,3.921147605,0,0
Finland,2000,47.83428743,5.056621767,0,0
Finland,2001,44.18085364,2.705033359,0,0
Finland,2002,41.20283088,1.573202528,0,0
Finland,2003,43.43082978,1.810601117,0,0
Finland,2004,41.92413013,3.696396903,0,0
Finland,2005,38.22753456,2.767914174,0,0
Finland,2006,35.26458136,4.922908299,0,0
Finland,2007,31.20812538,4.202735154,0,0
Finland,2008,29.4389589,1.041010814,0,0
Finland,2009,33.41947769,-6.355947584,0,0
France,1946,NA,NA,0,0
France,1947,NA,NA,0,0
France,1948,NA,NA,0,0
France,1949,28.59925313,NA,0,0
France,1950,27.41988987,7.494004796,0,0
France,1951,22.84359179,6.134969325,0,0
France,1952,23.4974918,2.627430373,0,0
France,1953,25.78165897,2.91858679,0,0
France,1954,24.7686302,4.825870647,0,0
France,1955,23.70046956,5.790223066,0,0
France,1956,23.19568859,5.024674742,0,0
France,1957,24.07002188,6.023067065,0,0
France,1958,27.29482658,2.538275584,0,0
France,1959,27.14645649,2.829076621,0,0
France,1960,22.09026559,7.069163164,0,0
France,1961,19.30844694,5.496074233,0,0
France,1962,20.39555503,6.630581867,0,0
France,1963,19.66097983,5.48857868,0,0
France,1964,17.47705328,6.496240602,0,0
France,1965,15.21584151,4.68794126,0,0
France,1966,14.66895124,5.314270299,0,0
France,1967,15.18090452,4.585040984,0,0
France,1968,15.27215686,4.359539554,0,0
France,1969,14.52865251,6.946726121,0,0
France,1970,12.37102044,5.793285056,0,0
France,1971,10.7705516,5.372329392,0,0
France,1972,8.757900941,5.885826772,0,0
France,1973,NA,5.372745864,0,0
France,1974,NA,3.228652082,0,0
France,1975,NA,0.188002051,0,0
France,1976,NA,5.151825316,0,0
France,1977,NA,3.066190785,0,0
France,1978,NA,3.793483394,0,0
France,1979,31.11530324,3.30603579,0,0
France,1980,29.52036556,1.071638285,0,0
France,1981,30.51323765,1.547505313,0,0
France,1982,36.44926538,0.12499352,0,0
France,1983,38.3336152,3.866893714,0,0
France,1984,40.38856446,5.894103681,0,0
France,1985,41.21774264,5.354029514,0,0
France,1986,43.66842823,4.037552315,0,0
France,1987,45.14607452,1.78001352,0,0
France,1988,46.43651861,-0.172848825,0,0
France,1989,47.90369245,0.997558549,0,0
France,1990,49.3823807,1.927514003,0,0
France,1991,49.64375354,3.104628961,0,0
France,1992,55.1978267,3.523104981,0,0
France,1993,61.48178987,2.786637079,0,0
France,1994,64.86073149,5.051384342,0,0
France,1995,70.25376363,4.186349074,0,0
France,1996,68.9067658,5.099766336,0,0
France,1997,67.12950553,5.392640347,0,0
France,1998,68.97821741,2.682783491,0,0
France,1999,64.85654168,2.02577059,0,0
France,2000,55.79109395,3.253567995,0,0
France,2001,55.41060193,1.990154136,0,0
France,2002,59.44619561,1.50205563,0,0
France,2003,62.95527126,1.013524034,0,0
France,2004,61.78286213,3.864126364,0,0
France,2005,58.86766852,2.739207443,0,0
France,2006,53.24671115,2.280888542,0,0
France,2007,53.08483121,3.134091786,0,0
France,2008,51.56730709,2.132130298,0,0
France,2009,60.00151264,-1.906676092,0,0
Germany,1946,NA,-52.59458369,0,0
Germany,1947,NA,12.29591089,0,0
Germany,1948,NA,18.43600748,0,0
Germany,1949,NA,17.03400718,0,0
Germany,1950,NA,18.89792005,0,0
Germany,1951,6.055705948,9.166999555,0,0
Germany,1952,6.304510734,8.669941556,0,0
Germany,1953,7.317731929,8.37245945,0,0
Germany,1954,11.25034616,7.455371537,0,0
Germany,1955,11.14216976,11.00375357,0,0
Germany,1956,10.02485575,7.166975489,0,0
Germany,1957,9.128408692,5.729374481,0,0
Germany,1958,9.305418207,4.452242713,0,0
Germany,1959,8.904336959,7.313553392,0,0
Germany,1960,8.663841651,8.061011453,0,0
Germany,1961,9.437056016,4.119201693,0,0
Germany,1962,8.348055364,4.265787541,0,0
Germany,1963,8.379210362,2.818773792,0,0
Germany,1964,8.153175336,6.078295491,0,0
Germany,1965,7.640629195,5.06976695,0,0
Germany,1966,7.820110195,2.964170881,0,0
Germany,1967,9.379437424,0.309899594,0,0
Germany,1968,9.493254475,5.274870752,0,0
Germany,1969,8.411117075,6.611442255,0,0
Germany,1970,6.76650403,4.679976658,0,0
Germany,1971,6.371180477,2.943175389,0,0
Germany,1972,6.393653829,4.127353192,0,0
Germany,1973,6.007986919,4.538478477,0,0
Germany,1974,6.748764596,0.827304433,0,0
Germany,1975,9.945391092,-0.544631319,0,0
Germany,1976,10.7298562,4.828986798,0,0
Germany,1977,11.87674764,2.877563103,0,0
Germany,1978,13.27069839,2.808429006,0,0
Germany,1979,13.96856774,4.018549054,0,0
Germany,1980,14.91402559,1.142579957,0,0
Germany,1981,16.65077275,0.110299331,0,0
Germany,1982,18.33278172,-0.788166397,0,0
Germany,1983,19.44853225,1.554668099,0,0
Germany,1984,19.84078539,2.826087278,0,0
Germany,1985,20.37767367,2.192284695,0,0
Germany,1986,20.38317279,2.417319192,0,0
Germany,1987,21.14299084,1.469355822,0,0
Germany,1988,21.62402191,3.735612715,0,0
Germany,1989,20.88848348,3.913024168,0,0
Germany,1990,21.21410171,5.723429985,0,0
Germany,1991,19.52298111,5.011402658,0,0
Germany,1992,18.8385837,2.305816654,0,0
Germany,1993,20.6802504,-0.788782837,0,0
Germany,1994,20.45734492,2.626065771,0,0
Germany,1995,20.86615366,1.8394328,0,0
Germany,1996,22.7057057,0.951563141,0,0
Germany,1997,23.99794611,1.711999805,0,0
Germany,1998,24.82979885,1.977366626,0,0
Germany,1999,35.20377734,1.931685607,0,0
Germany,2000,34.69575253,3.224283808,0,0
Germany,2001,32.99798865,1.15079442,0,0
Germany,2002,33.56690812,0.006273475,0,0
Germany,2003,35.47989126,-0.231146279,0,0
Germany,2004,36.73272626,1.176215921,0,0
Germany,2005,39.50845067,0.732079772,0,0
Germany,2006,39.58263542,3.175898642,0,0
Germany,2007,38.71130879,2.516482293,0,0
Germany,2008,38.7129177,1.248103268,0,0
Germany,2009,43.71876937,-5.296833773,0,0
Greece,1946,NA,49.80335033,0,0
Greece,1947,NA,29.05484247,0,0
Greece,1948,NA,5.003013864,0,0
Greece,1949,NA,5.331515499,0,0
Greece,1950,NA,-1.294366101,0,0
Greece,1951,NA,8.80668093,0,0
Greece,1952,NA,0.716777672,0,0
Greece,1953,NA,13.69819877,0,0
Greece,1954,NA,3.113056002,0,0
Greece,1955,NA,7.558420629,0,0
Greece,1956,NA,8.535610828,0,0
Greece,1957,NA,6.516036998,0,0
Greece,1958,NA,4.626949497,0,0
Greece,1959,NA,3.670823355,0,0
Greece,1960,NA,4.333452822,0,0
Greece,1961,NA,8.768849017,0,0
Greece,1962,NA,3.755440124,0,0
Greece,1963,NA,10.16507679,0,0
Greece,1964,NA,8.216906685,0,0
Greece,1965,NA,9.391935987,0,0
Greece,1966,NA,6.105880217,0,0
Greece,1967,NA,5.488058279,0,0
Greece,1968,NA,6.662495365,0,0
Greece,1969,NA,9.90288309,0,0
Greece,1970,18.82210097,7.95492735,0,0
Greece,1971,19.00478978,7.117874343,0,0
Greece,1972,20.12041352,12.44358589,0,0
Greece,1973,16.55572155,3.922462942,0,0
Greece,1974,17.47799437,-3.638358569,0,0
Greece,1975,18.17632151,6.049978745,0,0
Greece,1976,20.80436022,6.360499907,0,0
Greece,1977,23.23285277,3.428179175,0,0
Greece,1978,23.65198711,6.696771339,0,0
Greece,1979,23.13329486,3.690739002,0,0
Greece,1980,24.59268515,0.677,0,0
Greece,1981,28.77388791,-1.554,0,0
Greece,1982,29.63424153,-1.133,0,0
Greece,1983,33.95958813,-1.079,0,0
Greece,1984,40.50324804,2.011,0,0
Greece,1985,47.13262805,2.51,0,0
Greece,1986,47.66003995,0.518,0,0
Greece,1987,52.98777765,-2.259,0,0
Greece,1988,62.66314476,4.288,0,0
Greece,1989,65.84029547,3.8,0,0
Greece,1990,89.06684039,0,0,0
Greece,1991,91.12476859,3.1,0,0
Greece,1992,97.6096437,0.7,0,0
Greece,1993,97.608,-1.6,0,0
Greece,1994,103.197,2,0,0
Greece,1995,104.806,2.1,0,0
Greece,1996,108.105,2.358,0,0
Greece,1997,105.22,3.638,0,0
Greece,1998,103.746,3.364,0,0
Greece,1999,103.561,3.42,0,0
Greece,2000,108.926,4.477,0,0
Greece,2001,109.684,4.197,0,0
Greece,2002,109.199,3.439,0,0
Greece,2003,106.407,5.582,0,0
Greece,2004,108.282,4.916,0,0
Greece,2005,108.991,2.898,0,0
Greece,2006,106.103,4.497,0,0
Greece,2007,105.03,4.036,0,0
Greece,2008,107.872,2.933,0,0
Greece,2009,100,-0.753,0,0
Ireland,1946,NA,1.267953321,0,0
Ireland,1947,20.59053073,1.894736842,0,0
Ireland,1948,21.01708851,4.860809047,0,0
Ireland,1949,27.54322996,5.236959452,0,0
Ireland,1950,37.68447929,0.817895152,0,0
Ireland,1951,45.60641463,2.511973414,0,0
Ireland,1952,47.42886545,2.526697178,0,0
Ireland,1953,49.22275679,2.696921789,0,0
Ireland,1954,55.98342638,0.896495518,0,0
Ireland,1955,63.81986805,2.602764315,0,0
Ireland,1956,67.31445061,-1.303358992,0,0
Ireland,1957,70.1491638,-0.150669148,0,0
Ireland,1958,72.79423081,-2.059293449,0,0
Ireland,1959,70.33669646,4.051114736,0,0
Ireland,1960,73.63908113,5.626687571,0,0
Ireland,1961,73.66038855,4.77447019,0,0
Ireland,1962,73.51312482,3.258303164,0,0
Ireland,1963,74.47506529,4.733231707,0,0
Ireland,1964,70.88950154,3.915290008,0,0
Ireland,1965,73.41836395,1.743819595,0,0
Ireland,1966,78.05463825,0.853524229,0,0
Ireland,1967,76.97295817,5.930930931,0,0
Ireland,1968,66.10476562,8.26621996,0,0
Ireland,1969,63.58567334,6.016424661,0,0
Ireland,1970,62.23748873,2.660679203,0,0
Ireland,1971,59.67294635,3.466564602,0,0
Ireland,1972,55.88255373,6.489457274,0,0
Ireland,1973,52.06176418,4.724331299,0,0
Ireland,1974,65.45917399,4.260057812,0,0
Ireland,1975,72.3595163,5.654031452,0,0
Ireland,1976,77.63929161,1.398089994,0,0
Ireland,1977,74.14398156,8.209240168,0,0
Ireland,1978,76.47191834,7.190464989,0,0
Ireland,1979,82.60618536,3.072421361,0,0
Ireland,1980,84.35120997,2.9,0,0
Ireland,1981,89.75275871,2.5,0,0
Ireland,1982,87.20173191,1.5,0,0
Ireland,1983,96.49190289,-0.7,0,0
Ireland,1984,101.6041265,3.2,0,0
Ireland,1985,102.9631761,1.9,0,0
Ireland,1986,109.6785713,0.4,0,0
Ireland,1987,112.4301329,3.6,0,0
Ireland,1988,108.3342491,3,0,0
Ireland,1989,97.67863509,5.6,0,0
Ireland,1990,87.70936967,7.7,0,0
Ireland,1991,85.52135689,1.6,0,0
Ireland,1992,83.5548724,3.6,0,0
Ireland,1993,83.2707731,2.3,0,0
Ireland,1994,79.80149706,5.9,0,0
Ireland,1995,72.95365733,9.6,0,0
Ireland,1996,65.54864471,8.1,0,0
Ireland,1997,58.16569149,11.5,0,0
Ireland,1998,48.76287634,8.4,0,0
Ireland,1999,43.97850648,10.7,0,0
Ireland,2000,34.82965421,9.4,0,0
Ireland,2001,30.94400616,5.7,0,0
Ireland,2002,27.91446739,6.5,0,0
Ireland,2003,26.91063082,4.4,0,0
Ireland,2004,25.38335193,4.6,0,0
Ireland,2005,23.55591047,6.2,0,0
Ireland,2006,20.31976109,5.4,0,0
Ireland,2007,19.79384259,6,0,0
Ireland,2008,27.71918156,-3,0,0
Ireland,2009,44.37136628,-7.5,0,0
Italy,1951,26.57007082,7.46558194,0,0
Italy,1952,26.87381158,7.485107631,0,0
Italy,1953,26.72137554,7.214720191,0,0
Italy,1954,28.64896582,5.186795113,0,0
Italy,1955,28.32224588,5.819418849,0,0
Italy,1956,27.96454768,4.534080364,0,0
Italy,1957,27.53088528,5.903684912,0,0
Italy,1958,27.00561976,5.346956287,0,0
Italy,1959,26.69928604,6.227563426,0,0
Italy,1960,24.69772052,5.421945497,0,0
Italy,1961,21.74312282,8.421750886,0,0
Italy,1962,20.75970757,7.797088126,0,0
Italy,1963,18.26795123,7.123060346,0,0
Italy,1964,17.95214521,3.90267386,0,0
Italy,1965,17.86269298,2.248578299,0,0
Italy,1966,16.65997138,5.21973571,0,0
Italy,1967,14.2633452,7.119880473,0,0
Italy,1968,16.04597701,8.361932655,0,0
Italy,1969,15.9934236,5.71837782,0,0
Italy,1970,14.40226636,2.245853846,0,0
Italy,1971,16.37697574,1.894321446,0,0
Italy,1972,18.64336008,2.92593882,0,0
Italy,1973,20.19859974,6.541934753,0,0
Italy,1974,22.67480786,4.689615643,0,0
Italy,1975,27.63698065,-2.146416628,0,0
Italy,1976,29.99217241,6.498242722,0,0
Italy,1977,32.79337281,2.889716974,0,0
Italy,1978,46.64718603,3.728130523,0,0
Italy,1979,45.76064657,5.672857829,0,0
Italy,1980,45.62560485,-1.414,0,0
Italy,1981,52.85892721,0.781,0,0
Italy,1982,58.47867504,0.668,0,0
Italy,1983,64.30685824,0.913,0,0
Italy,1984,66.45564562,3.226,0,0
Italy,1985,61.97254571,2.798,0,0
Italy,1986,67.1018993,2.86,0,0
Italy,1987,70.81558184,3.192,0,0
Italy,1988,73.70749607,4.194,0,0
Italy,1989,76.67457658,3.388,0,0
Italy,1990,78.98427504,2.053,0,0
Italy,1991,81.94912019,1.534,0,0
Italy,1992,85.44326355,0.773,0,0
Italy,1993,95.14023054,-0.888,0,0
Italy,1994,104.8011156,2.152,0,0
Italy,1995,104.288666,2.827,0,0
Italy,1996,103.7758672,1.095,0,0
Italy,1997,101.1508347,1.872,0,0
Italy,1998,99.74365527,1.401,0,0
Italy,1999,97.80097419,1.464,0,0
Italy,2000,95.11712256,3.693,0,0
Italy,2001,91.71016698,1.818,0,0
Italy,2002,88.24193387,0.454,0,0
Italy,2003,86.65710862,-0.017,0,0
Italy,2004,85.10373474,1.532,0,0
Italy,2005,84.85823726,0.656,0,0
Italy,2006,84.62117775,2.036,0,0
Italy,2007,83.40739974,1.564,0,0
Italy,2008,86.25957233,-1.04,0,0
Italy,2009,97.13511821,-5.145,0,0
Japan,1946,NA,NA,0,0
Japan,1947,NA,NA,0,0
Japan,1948,NA,NA,0,0
Japan,1949,NA,NA,0,0
Japan,1950,NA,NA,0,0
Japan,1951,NA,NA,0,0
Japan,1952,NA,NA,0,0
Japan,1953,NA,NA,0,0
Japan,1954,11.96278056,NA,0,0
Japan,1955,12.63172233,NA,0,0
Japan,1956,10.61587527,6.201526659,0,0
Japan,1957,8.935837102,7.3282462,0,0
Japan,1958,9.320835825,6.395359571,0,0
Japan,1959,9.499185007,8.342969281,0,0
Japan,1960,8.371693411,11.26211783,0,0
Japan,1961,6.324546841,9.997696775,0,0
Japan,1962,5.836405729,6.71625366,0,0
Japan,1963,4.716901868,7.713746773,0,0
Japan,1964,4.567205912,9.234434706,0,0
Japan,1965,5.375047161,5.121895756,0,0
Japan,1966,6.974781242,9.701775718,0,0
Japan,1967,8.536472876,10.46442172,0,0
Japan,1968,9.034153911,10.52780728,0,0
Japan,1969,8.805172516,11.78322368,0,0
Japan,1970,8.489134214,10.13369967,0,0
Japan,1971,9.424416955,4.731276132,0,0
Japan,1972,12.66774934,8.593115132,0,0
Japan,1973,11.69308965,8.19770619,0,0
Japan,1974,11.70214162,-1.593055817,0,0
Japan,1975,15.36821145,2.838068111,0,0
Japan,1976,19.6177976,4.00023176,0,0
Japan,1977,24.83426533,3.589504641,0,0
Japan,1978,30.49836402,4.222946545,0,0
Japan,1979,35.00564305,6.804680757,0,0
Japan,1980,39.06177072,4.626598807,0,0
Japan,1981,40.9274461,4.176843956,0,0
Japan,1982,44.27625543,3.376608296,0,0
Japan,1983,48.05816884,3.060738036,0,0
Japan,1984,49.2488475,4.463899016,0,0
Japan,1985,50.20718741,6.333356889,0,0
Japan,1986,54.16925748,2.831076641,0,0
Japan,1987,55.81544359,4.107427064,0,0
Japan,1988,54.04018565,7.146693707,0,0
Japan,1989,50.78905865,5.370152519,0,0
Japan,1990,49.23010508,5.572398299,0,0
Japan,1991,47.96554714,3.324340775,0,0
Japan,1992,49.81373259,0.819029859,0,0
Japan,1993,55.32015513,0.17106272,0,0
Japan,1994,59.95679804,0.863578244,0,0
Japan,1995,66.11850369,1.881656088,0,0
Japan,1996,70.43342548,2.637287364,0,0
Japan,1997,75.33173281,1.563566593,0,0
Japan,1998,86.67149985,-2.04886791,0,0
Japan,1999,98.34032984,-0.141010782,0,0
Japan,2000,106.4806457,2.860139431,0,0
Japan,2001,122.0188058,0.184389483,0,0
Japan,2002,130.9136557,0.262257029,0,0
Japan,2003,136.6774221,1.413540274,0,0
Japan,2004,150.7253255,2.744262097,0,0
Japan,2005,162.0745255,1.934092538,0,0
Japan,2006,164.0363644,2.039469247,0,0
Japan,2007,162.4654666,2.337316529,0,0
Japan,2008,166.8780833,-0.705249317,0,0
Japan,2009,181.5110112,-5.369364559,0,0
Netherlands,1946,NA,68.80641926,0,0
Netherlands,1947,NA,15.74726367,0,0
Netherlands,1948,NA,10.67821365,0,0
Netherlands,1949,NA,8.813471117,0,0
Netherlands,1950,NA,3.580090869,0,0
Netherlands,1951,NA,2.097556149,0,0
Netherlands,1952,NA,2.015699196,0,0
Netherlands,1953,NA,8.691935024,0,0
Netherlands,1954,NA,6.798053953,0,0
Netherlands,1955,NA,7.419632019,0,0
Netherlands,1956,NA,3.675770388,0,0
Netherlands,1957,46.36098057,2.811864697,0,0
Netherlands,1958,47.08689101,-0.296605122,0,0
Netherlands,1959,44.78227565,4.88883048,0,0
Netherlands,1960,41.1218895,8.414110464,0,0
Netherlands,1961,38.88916588,0.288926245,0,0
Netherlands,1962,35.18518519,6.849300718,0,0
Netherlands,1963,34.59320948,3.620836724,0,0
Netherlands,1964,29.77054894,8.288704275,0,0
Netherlands,1965,28.27705009,5.233035667,0,0
Netherlands,1966,28.06891815,2.755843401,0,0
Netherlands,1967,29.38295788,5.26286019,0,0
Netherlands,1968,28.95776583,6.417588491,0,0
Netherlands,1969,23.9137562,6.438139756,0,0
Netherlands,1970,23.39342232,5.694941444,0,0
Netherlands,1971,21.17675737,4.221730627,0,0
Netherlands,1972,19.17558581,3.309974837,0,0
Netherlands,1973,17.10884313,4.687974559,0,0
Netherlands,1974,16.65008639,3.966073348,0,0
Netherlands,1975,17.7387378,-0.091375169,0,0
Netherlands,1976,18.690653,4.708755942,0,0
Netherlands,1977,19.31946608,2.718704562,0,0
Netherlands,1978,20.66188802,2.35854821,0,0
Netherlands,1979,22.69374787,2.227097262,0,0
Netherlands,1980,26.07002196,1.205833548,0,0
Netherlands,1981,30.49920192,-0.513749768,0,0
Netherlands,1982,36.55525204,-1.283096632,0,0
Netherlands,1983,42.70501702,1.757961783,0,0
Netherlands,1984,47.8232796,3.119194921,0,0
Netherlands,1985,51.43841706,2.656333218,0,0
Netherlands,1986,51.92239378,3.124725809,0,0
Netherlands,1987,54.12895683,1.85072838,0,0
Netherlands,1988,56.88708677,2.980434317,0,0
Netherlands,1989,57.52096436,4.784594495,0,0
Netherlands,1990,58.42478886,4.064611025,0,0
Netherlands,1991,59.24840283,2.405094816,0,0
Netherlands,1992,60.64427032,1.489515592,0,0
Netherlands,1993,61.22777611,0.651357332,0,0
Netherlands,1994,58.04874147,2.864369152,0,0
Netherlands,1995,58.93317522,3.033190456,0,0
Netherlands,1996,57.66915295,3.406004487,0,0
Netherlands,1997,53.91000973,4.278435444,0,0
Netherlands,1998,52.00516465,3.923520834,0,0
Netherlands,1999,49.12051746,4.684485797,0,0
Netherlands,2000,42.99454493,3.940932027,0,0
Netherlands,2001,40.24738068,1.925782372,0,0
Netherlands,2002,40.43300503,0.076289468,0,0
Netherlands,2003,42.52062607,0.335652329,0,0
Netherlands,2004,43.75142513,2.236508363,0,0
Netherlands,2005,42.94838208,2.046500142,0,0
Netherlands,2006,39.16951738,3.394266406,0,0
Netherlands,2007,37.98376546,3.613115749,0,0
Netherlands,2008,50.29510827,1.995808426,0,0
Netherlands,2009,50.47548488,-4.172716162,0,0
New Zealand,1946,134.0144536,7.711319822,1,0
New Zealand,1947,120.4297718,11.93207894,1,0
New Zealand,1948,117.2059596,-9.922099221,1,0
New Zealand,1949,111.4862692,10.78743741,1,0
New Zealand,1950,87.65291193,14.67594877,0,0
New Zealand,1951,91.75113091,-7.635101636,0,0
New Zealand,1952,85.83160995,4.347826087,0,0
New Zealand,1953,79.26384615,3.420781893,0,0
New Zealand,1954,75.27559936,13.76523253,0,0
New Zealand,1955,73.84375947,1.863591649,0,0
New Zealand,1956,70.76044273,5.182681474,0,0
New Zealand,1957,68.05564045,2.85641418,0,0
New Zealand,1958,67.3943128,3.927597322,0,0
New Zealand,1959,65.79790492,7.1193396,0,0
New Zealand,1960,62.8593971,0,0,0
New Zealand,1961,62.39116062,5.590449463,0,0
New Zealand,1962,60.27635879,2.155754303,0,0
New Zealand,1963,59.09825848,6.334916374,0,0
New Zealand,1964,56.33168013,4.873975688,0,0
New Zealand,1965,55.18653598,6.369426752,0,0
New Zealand,1966,55.85456796,6.308313605,0,0
New Zealand,1967,57.66086541,-4.565103484,0,0
New Zealand,1968,58.98487376,-0.161279253,0,0
New Zealand,1969,54.08024932,10.32479808,0,0
New Zealand,1970,49.33321331,-1.417489641,0,0
New Zealand,1971,43.74399185,5.185817217,0,0
New Zealand,1972,39.98228072,4.284212108,0,0
New Zealand,1973,37.7758452,7.104376134,0,0
New Zealand,1974,36.04754829,5.952605105,0,0
New Zealand,1975,35.81590675,-1.150038081,0,0
New Zealand,1976,39.37309411,2.439838714,0,0
New Zealand,1977,41.97060788,-4.871261313,0,0
New Zealand,1978,44.09718127,0.403225806,0,0
New Zealand,1979,44.52639555,2.039530672,0,0
New Zealand,1980,44.97651357,1.009,0,0
New Zealand,1981,41.62991646,2.961,0,0
New Zealand,1982,45.76713681,2.878,0,0
New Zealand,1983,53.75297798,-0.124,0,0
New Zealand,1984,55.59141971,6.858,0,0
New Zealand,1985,62.36473654,1.213,0,0
New Zealand,1986,57.29121902,1.81,0,0
New Zealand,1987,67.77751177,0.754,0,0
New Zealand,1988,57.43858153,-0.022,0,0
New Zealand,1989,55.26473248,0.846,0,0
New Zealand,1990,60.61761811,0.056,0,0
New Zealand,1991,60.23774268,-1.677,0,0
New Zealand,1992,62.02854637,0.771,0,0
New Zealand,1993,58.3360979,5.195,0,0
New Zealand,1994,52.97755565,5.859,0,0
New Zealand,1995,47.20188396,4.337,0,0
New Zealand,1996,42.36379784,4.019,0,0
New Zealand,1997,35.39889194,2.163,0,0
New Zealand,1998,36.64922479,-0.048,0,0
New Zealand,1999,33.48443528,4.329,0,0
New Zealand,2000,31.09502528,3.83,0,0
New Zealand,2001,29.49279548,2.614,0,0
New Zealand,2002,27.63384883,4.926,0,0
New Zealand,2003,25.7871343,4.135,0,0
New Zealand,2004,23.69319622,4.536,0,0
New Zealand,2005,22.27129738,2.813,0,0
New Zealand,2006,21.34815903,1.954,0,0
New Zealand,2007,17.52507047,3.193,0,0
New Zealand,2008,17.73861666,0.194,0,0
New Zealand,2009,24.25469782,-2.175,0,0
Norway,1946,64.99350529,10.20127007,0,0
Norway,1947,53.10869394,13.56297338,0,0
Norway,1948,45.52862486,6.951516604,0,0
Norway,1949,45.47484806,2.667089866,0,0
Norway,1950,31.53187819,4.870087063,0,0
Norway,1951,26.34372502,5.417766737,0,0
Norway,1952,23.79558171,3.524370384,0,0
Norway,1953,25.96154761,3.971652617,0,0
Norway,1954,26.18930655,5.047529534,0,0
Norway,1955,26.70112859,2.20773033,0,0
Norway,1956,26.86075304,5.33676378,0,0
Norway,1957,28.14653993,3.015776494,0,0
Norway,1958,28.46098538,0,0,0
Norway,1959,29.89792622,4.21529693,0,0
Norway,1960,29.46094743,5.626653996,0,0
Norway,1961,25.10663779,6.267725637,0,0
Norway,1962,24.27615557,2.816005113,0,0
Norway,1963,22.97562471,3.824340979,0,0
Norway,1964,22.07513808,4.977651255,0,0
Norway,1965,20.50583936,5.310504933,0,0
Norway,1966,22.25256098,3.782033618,0,0
Norway,1967,23.10217755,6.247410646,0,0
Norway,1968,23.09333333,2.245685393,0,0
Norway,1969,22.79379988,4.512824403,0,0
Norway,1970,23.63508895,1.987012647,0,0
Norway,1971,24.3005443,5.130496148,0,0
Norway,1972,26.08784017,5.093159293,0,0
Norway,1973,26.39291206,4.413169732,0,0
Norway,1974,26.16434132,4.192198552,0,0
Norway,1975,27.62706621,5.227868149,0,0
Norway,1976,29.42375622,5.863055747,0,0
Norway,1977,34.84952906,4.267506802,0,0
Norway,1978,35.64265727,3.487682246,0,0
Norway,1979,38.60852965,4.48125502,0,0
Norway,1980,33.97002841,4.949439659,0,0
Norway,1981,29.83645902,1.547505313,0,0
Norway,1982,26.00197903,0.12499352,0,0
Norway,1983,20.83634929,3.866893714,0,0
Norway,1984,23.22282295,5.894103681,0,0
Norway,1985,25.77511802,5.354029514,0,0
Norway,1986,34.03159611,4.037552315,0,0
Norway,1987,26.52990125,1.78001352,0,0
Norway,1988,25.52919688,-0.172848825,0,0
Norway,1989,25.35690622,0.997558549,0,0
Norway,1990,22.39143278,1.927514003,0,0
Norway,1991,22.94118936,3.104628961,0,0
Norway,1992,27.21926368,3.523104981,0,0
Norway,1993,35.35322207,2.786637079,0,0
Norway,1994,33.02219147,5.051384342,0,0
Norway,1995,30.81753207,4.186349074,0,0
Norway,1996,27.57364544,5.099766336,0,0
Norway,1997,24.67690631,5.392640347,0,0
Norway,1998,22.24639587,2.682783491,0,0
Norway,1999,20.86252348,2.02577059,0,0
Norway,2000,19.30193622,3.253567995,0,0
Norway,2001,18.13278764,1.990154136,0,0
Norway,2002,18.9926973,1.50205563,0,0
Norway,2003,21.32172189,1.013524034,0,0
Norway,2004,18.40198733,3.864126364,0,0
Norway,2005,17.17266616,2.739207443,0,0
Norway,2006,12.47299231,2.280888542,0,0
Norway,2007,11.65284066,3.134091786,0,0
Norway,2008,13.73347931,2.132130298,0,0
Norway,2009,21.65399128,-1.906676092,0,0
Portugal,1946,NA,7.849899979,0,0
Portugal,1947,NA,8.365845859,0,0
Portugal,1948,NA,-0.289204981,0,0
Portugal,1949,NA,1.3910264,0,0
Portugal,1950,24.64837905,2.837293479,0,0
Portugal,1951,NA,4.479137099,0,0
Portugal,1952,NA,0.130406433,0,0
Portugal,1953,20.79268293,6.978510962,0,0
Portugal,1954,20.31287129,4.79862027,0,0
Portugal,1955,19.67041199,4.123910939,0,0
Portugal,1956,19.19512195,4.365005578,0,0
Portugal,1957,18.52412646,4.427419714,0,0
Portugal,1958,17.62282092,1.313712945,0,0
Portugal,1959,17.31352155,5.414052962,0,0
Portugal,1960,15.94270123,6.677582971,0,0
Portugal,1961,14.8504436,5.462169144,0,0
Portugal,1962,13.98569726,6.638267661,0,0
Portugal,1963,16.2349067,5.935419441,0,0
Portugal,1964,15.54766734,6.59271596,0,0
Portugal,1965,14.71701547,7.443766398,0,0
Portugal,1966,14.57807309,4.069033639,0,0
Portugal,1967,15.9910847,7.548313955,0,0
Portugal,1968,16.89275956,8.896352226,0,0
Portugal,1969,17.61744548,2.122869814,0,0
Portugal,1970,16.96448391,9.112953002,0,0
Portugal,1971,16.05398712,6.632591216,0,0
Portugal,1972,14.10723404,8.014247551,0,0
Portugal,1973,11.80155918,11.20134711,0,0
Portugal,1974,10.30975538,1.143587236,0,0
Portugal,1975,10.24867444,-4.347961698,0,0
Portugal,1976,9.111324376,6.899925001,0,0
Portugal,1977,7.429937379,5.601988836,0,0
Portugal,1978,6.811631573,2.816331836,0,0
Portugal,1979,6.309577028,5.638511568,0,0
Portugal,1980,7.988599089,4.590242411,0,0
Portugal,1981,10.08546838,1.547505313,0,0
Portugal,1982,11.3785053,0.12499352,0,0
Portugal,1983,12.70930182,3.866893714,0,0
Portugal,1984,9.012689427,5.894103681,0,0
Portugal,1985,13.24988507,5.354029514,0,0
Portugal,1986,14.02600842,4.037552315,0,0
Portugal,1987,15.83647926,1.78001352,0,0
Portugal,1988,18.42030088,-0.172848825,0,0
Portugal,1989,21.22025515,0.997558549,0,0
Portugal,1990,23.81947642,1.927514003,0,0
Portugal,1991,25.27963066,3.104628961,0,0
Portugal,1992,29.56930755,3.523104981,0,0
Portugal,1993,33.55459447,2.786637079,0,0
Portugal,1994,35.44000055,5.051384342,0,0
Portugal,1995,35.88962859,4.186349074,0,0
Portugal,1996,39.17043656,5.099766336,0,0
Portugal,1997,39.43284459,5.392640347,0,0
Portugal,1998,32.93377742,2.682783491,0,0
Portugal,1999,29.35073274,2.02577059,0,0
Portugal,2000,54.12245849,3.253567995,0,0
Portugal,2001,56.02908559,1.990154136,0,0
Portugal,2002,58.68153492,1.50205563,0,0
Portugal,2003,60.16437921,1.013524034,0,0
Portugal,2004,62.95728103,3.864126364,0,0
Portugal,2005,68.23717175,2.739207443,0,0
Portugal,2006,69.83592373,2.280888542,0,0
Portugal,2007,69.12907298,3.134091786,0,0
Portugal,2008,71.26518998,2.132130298,0,0
Portugal,2009,80.10145118,-1.906676092,0,0
Spain,1946,61.19929771,4.156249672,0,0
Spain,1947,55.10807534,1.984014838,0,0
Spain,1948,55.60953153,0.281950435,0,0
Spain,1949,53.87836727,-0.016794303,0,0
Spain,1950,46.22194324,2.05700262,0,0
Spain,1951,39.96165072,9.205747783,0,0
Spain,1952,38.9038378,8.565338045,0,0
Spain,1953,40.29985309,-0.028725465,0,0
Spain,1954,37.93934847,7.09763246,0,0
Spain,1955,38.87255514,3.318616825,0,0
Spain,1956,35.29018975,8.183997922,0,0
Spain,1957,34.05123302,3.283426532,0,0
Spain,1958,30.0156438,6.275047499,0,0
Spain,1959,29.38740679,NA,0,0
Spain,1960,30.02771065,NA,0,0
Spain,1961,27.47991513,NA,0,0
Spain,1962,25.45593635,NA,0,0
Spain,1963,22.14457581,NA,0,0
Spain,1964,18.78248212,NA,0,0
Spain,1965,17.59915642,NA,0,0
Spain,1966,17.10386802,NA,0,0
Spain,1967,16.96347233,NA,0,0
Spain,1968,17.50608619,NA,0,0
Spain,1969,17.93681485,NA,0,0
Spain,1970,17.98258621,NA,0,0
Spain,1971,16.91068059,NA,0,0
Spain,1972,16.59147934,NA,0,0
Spain,1973,15.4778643,NA,0,0
Spain,1974,13.10042581,NA,0,0
Spain,1975,11.57989567,NA,0,0
Spain,1976,8.006963271,NA,0,0
Spain,1977,8.557556103,NA,0,0
Spain,1978,9.758834893,NA,0,0
Spain,1979,9.710424652,NA,0,0
Spain,1980,9.755353822,NA,0,0
Spain,1981,10.39965838,-0.407986507,0,0
Spain,1982,11.58341151,1.238781816,0,0
Spain,1983,12.99763999,1.652489553,0,0
Spain,1984,17.73436104,1.698059859,0,0
Spain,1985,30.38813754,2.361643904,0,0
Spain,1986,35.23512602,3.432048731,0,0
Spain,1987,36.25036756,5.708983188,0,0
Spain,1988,36.68369822,5.284547172,0,0
Spain,1989,33.06713749,5.003923606,0,0
Spain,1990,34.48166409,3.846454874,0,0
Spain,1991,35.98971993,2.525564411,0,0
Spain,1992,36.11464927,0.850600661,0,0
Spain,1993,39.40595712,-1.313694923,0,0
Spain,1994,48.68780022,2.334513536,0,0
Spain,1995,48.76755003,4.122235157,0,0
Spain,1996,52.16240418,2.421260943,0,0
Spain,1997,55.77443724,3.86544201,0,0
Spain,1998,55.71523866,4.468846298,0,0
Spain,1999,50.82180632,4.745290726,0,0
Spain,2000,48.44009564,5.052806282,0,0
Spain,2001,45.09063022,3.645000969,0,0
Spain,2002,42.78091513,2.703856604,0,0
Spain,2003,39.48442324,3.097676528,0,0
Spain,2004,37.9474509,3.266525487,0,0
Spain,2005,35.11936725,3.615453126,0,0
Spain,2006,31.7445981,4.01733438,0,0
Spain,2007,29.17823184,3.565317497,0,0
Spain,2008,32.92834175,0.855729994,0,0
Spain,2009,42.54268037,-3.767232743,0,0
Sweden,1946,47.24337149,11.39940331,0,0
Sweden,1947,42.21474272,7.936644763,0,0
Sweden,1948,39.83917002,2.315779566,0,0
Sweden,1949,39.2628709,2.949126,0,0
Sweden,1950,38.86983097,6.007846903,0,0
Sweden,1951,32.38703811,2.977128484,0,0
Sweden,1952,29.44924581,0.563609787,0,0
Sweden,1953,31.17222135,4.0344231,0,0
Sweden,1954,31.85135049,5.278263363,0,0
Sweden,1955,31.63869597,2.810786605,0,0
Sweden,1956,30.71269528,3.49410088,0,0
Sweden,1957,32.38471584,3.082304378,0,0
Sweden,1958,31.87942636,3.639237774,0,0
Sweden,1959,32.86587667,4.700465355,0,0
Sweden,1960,31.55444076,5.622955891,0,0
Sweden,1961,28.54231935,5.091518896,0,0
Sweden,1962,25.03051786,6.047555338,0,0
Sweden,1963,23.64433505,5.270726803,0,0
Sweden,1964,21.44560035,8.030393301,0,0
Sweden,1965,19.26493767,5.109997929,0,0
Sweden,1966,19.08121398,4.374937445,0,0
Sweden,1967,19.51902836,3.208537612,0,0
Sweden,1968,21.00782723,4.405838411,0,0
Sweden,1969,26.2563516,5.619293897,0,0
Sweden,1970,20.99276532,5.590103734,0,0
Sweden,1971,20.82861209,0.301218114,0,0
Sweden,1972,22.15176827,3.302163871,0,0
Sweden,1973,22.61890061,3.950683817,0,0
Sweden,1974,24.21220723,2.230946068,0,0
Sweden,1975,24.42508769,2.089071325,0,0
Sweden,1976,23.63659879,0.447403701,0,0
Sweden,1977,26.48020626,-1.421069004,0,0
Sweden,1978,31.80385501,2.21634933,0,0
Sweden,1979,37.8849985,3.956189449,0,0
Sweden,1980,41.85124895,2.598944967,0,0
Sweden,1981,49.31217531,-0.202241958,0,0
Sweden,1982,57.47580718,1.193116717,0,0
Sweden,1983,62.50607816,1.809759345,0,0
Sweden,1984,64.71512475,4.271293793,0,0
Sweden,1985,66.20642976,2.189663258,0,0
Sweden,1986,64.0218906,2.861067477,0,0
Sweden,1987,58.26134991,3.457135486,0,0
Sweden,1988,52.33380238,2.666431139,0,0
Sweden,1989,46.39658239,2.779133501,0,0
Sweden,1990,43.51774986,1.010288343,0,0
Sweden,1991,45.21778282,-1.121286682,0,0
Sweden,1992,57.59209614,-1.203511282,0,0
Sweden,1993,71.96405191,-2.057786111,0,0
Sweden,1994,76.62049334,3.94685747,0,0
Sweden,1995,76.59385775,3.973056602,0,0
Sweden,1996,76.19462337,1.460520382,0,0
Sweden,1997,74.31634665,2.46028157,0,0
Sweden,1998,72.00766367,3.813945521,0,0
Sweden,1999,64.69860685,4.59540285,0,0
Sweden,2000,56.85380824,4.398932434,0,0
Sweden,2001,49.7307603,1.057739445,0,0
Sweden,2002,47.93242618,2.411308716,0,0
Sweden,2003,48.85356738,1.912596935,0,0
Sweden,2004,47.89886322,4.127044592,0,0
Sweden,2005,47.84156302,3.298339358,0,0
Sweden,2006,43.7796945,4.246459586,0,0
Sweden,2007,38.1216566,2.559722089,0,0
Sweden,2008,35.44249385,-0.155069096,0,0
Sweden,2009,35.24328128,-4.827782863,0,0
UK,1946,247.4819422,-2.458310226,0,0
UK,1947,237.940958,-1.276224464,0,0
UK,1948,213.9719392,2.924110053,0,0
UK,1949,197.7683483,3.314716864,0,0
UK,1950,193.8833784,3.181458975,0,0
UK,1951,175.3382035,2.727818933,0,0
UK,1952,161.9908653,0.052381427,0,0
UK,1953,152.1581683,3.836295778,0,0
UK,1954,146.6567362,4.111839053,0,0
UK,1955,138.1939456,3.457732063,0,0
UK,1956,129.0274862,0.928156868,0,0
UK,1957,122.1805021,1.658846661,0,0
UK,1958,118.143167,0.319358261,0,0
UK,1959,112.4363397,4.281011104,0,0
UK,1960,106.759826,5.330101347,0,0
UK,1961,103.0605917,2.33333164,0,0
UK,1962,99.87112953,1.08123672,0,0
UK,1963,98.15515144,4.298574754,0,0
UK,1964,90.96545082,5.480384147,0,0
UK,1965,84.8222247,2.22695922,0,0
UK,1966,82.0681348,1.925163815,0,0
UK,1967,79.40716467,2.463774946,0,0
UK,1968,78.3260033,4.198158079,0,0
UK,1969,72.27101631,2.074500637,0,0
UK,1970,63.98754256,2.244242458,0,0
UK,1971,57.98855557,2.093278553,0,0
UK,1972,55.46184677,3.655544236,0,0
UK,1973,49.48017976,7.195866587,0,0
UK,1974,47.47790281,-1.312939581,0,0
UK,1975,42.4112372,-0.62218467,0,0
UK,1976,44.8112834,2.634962328,0,0
UK,1977,45.69955026,2.374698617,0,0
UK,1978,46.7568972,3.229599758,0,0
UK,1979,43.6125891,2.680075008,0,0
UK,1980,40.87501715,-2.081797884,0,0
UK,1981,44.10661818,-1.323458105,0,0
UK,1982,42.12807447,2.093068817,0,0
UK,1983,41.64195477,3.624346447,0,0
UK,1984,43.34324504,2.670924927,0,0
UK,1985,43.68362275,3.599381426,0,0
UK,1986,44.03634598,4.012329823,0,0
UK,1987,43.34713588,4.56208085,0,0
UK,1988,41.25932582,5.032101791,0,0
UK,1989,37.56515647,2.281446724,0,0
UK,1990,33.83951477,0.779266146,0,0
UK,1991,33.19107212,-1.392438968,0,0
UK,1992,34.48559671,0.146630449,0,0
UK,1993,38.03737718,2.22225495,0,0
UK,1994,44.28236028,4.280174329,0,0
UK,1995,47.61750852,3.042737404,0,0
UK,1996,49.97697403,2.879256482,0,0
UK,1997,50.54198681,3.307170079,0,0
UK,1998,47.59743465,3.605730818,0,0
UK,1999,45.39877036,3.473241157,0,0
UK,2000,43.64829453,3.91503675,0,0
UK,2001,41.68568487,2.461832025,0,0
UK,2002,40.40150098,2.096532795,0,0
UK,2003,39.30752992,2.818022062,0,0
UK,2004,41.32681053,2.757807441,0,0
UK,2005,38.59464459,2.057586464,0,0
UK,2006,40.05128979,2.83783829,0,0
UK,2007,41.03282626,3.02238211,0,0
UK,2008,42.45181902,0.706915245,0,0
UK,2009,54.95438907,-4.4,0,0
US,1946,121.2520698,-10.94215862,0,0
US,1947,105.8117096,-0.898337239,0,0
US,1948,93.7540864,4.397274928,0,0
US,1949,94.59968558,-0.51235034,0,0
US,1950,87.62592862,8.743969209,0,0
US,1951,75.22015232,7.731804586,0,0
US,1952,72.31514898,3.831382166,0,0
US,1953,70.14792028,4.60359196,0,0
US,1954,71.30904288,-0.630538514,0,0
US,1955,66.16209858,7.198593723,0,0
US,1956,62.35729622,1.975762908,0,0
US,1957,58.66995704,2.015923442,0,0
US,1958,59.14880517,-0.903463919,0,0
US,1959,56.19935,7.173339541,0,0
US,1960,54.3941415,2.4760181,0,0
US,1961,53.0416554,2.331414038,0,0
US,1962,50.91357738,6.058200145,0,0
US,1963,49.50787196,4.371175628,0,0
US,1964,46.97301074,5.787881623,0,0
US,1965,44.12097052,6.420422722,0,0
US,1966,40.6128079,6.515054985,0,0
US,1967,39.19040579,2.527761163,0,0
US,1968,38.20382572,4.842105263,0,0
US,1969,35.93257353,3.10640151,0,0
US,1970,35.72365472,0.190060538,0,0
US,1971,35.33277817,3.358392468,0,0
US,1972,34.51494151,5.311218363,0,0
US,1973,33.143428,5.794263829,0,0
US,1974,31.68121479,-0.551149075,0,0
US,1975,32.55718386,-0.212683286,0,0
US,1976,34.00378165,5.365303822,0,0
US,1977,34.42392,4.598058857,0,0
US,1978,33.63606243,5.576733548,0,0
US,1979,32.25817657,3.124559673,0,0
US,1980,32.55625695,-0.273270709,0,0
US,1981,31.91297812,2.53810584,0,0
US,1982,35.10494283,-1.942477285,0,0
US,1983,38.9636734,4.518898295,0,0
US,1984,39.99760869,7.185228643,0,0
US,1985,43.22710136,4.138602119,0,0
US,1986,47.65145662,3.463127619,0,0
US,1987,49.62158793,3.200451563,0,0
US,1988,51.0222279,4.110319555,0,0
US,1989,52.12292662,3.572413612,0,0
US,1990,55.74197831,1.876767395,0,0
US,1991,61.16892828,-0.234008389,0,0
US,1992,64.08748649,3.39359459,0,0
US,1993,66.16505509,2.851419676,0,0
US,1994,66.23313259,4.07466504,0,0
US,1995,67.08272622,2.513894056,0,0
US,1996,66.65574969,3.741051497,0,0
US,1997,64.96502822,4.456269411,0,0
US,1998,62.84406674,4.355459038,0,0
US,1999,60.47223929,4.826177858,0,0
US,2000,57.01832096,4.139223362,0,0
US,2001,56.45878373,1.079636558,0,0
US,2002,58.52340157,1.813663283,0,0
US,2003,60.87928723,2.49026227,0,0
US,2004,62.17709008,3.573268472,0,0
US,2005,62.76672412,3.054518175,0,0
US,2006,63.48997326,2.672806684,0,0
US,2007,63.98548763,2.141613107,0,0
US,2008,74.09106096,0.438166303,0,0
US,2009,83.48283471,-2.730169938,0,0
